airport_iata_code,iso_country_code
DAU,PG
MDU,PG
MXH,PG
MIS,PG
TIZ,PG
TBG,PG
RAB,PG
GOH,GL
THU,GL
KEF,IS
MVA,IS
VEY,IS
VPN,IS
PRN,XK
ZEL,CA
YJP,CA
CFM,CA
YBS,CA
YPD,CA
SSQ,CA
YAU,CA
YAG,CA
YAH,CA
YBG,CA
YBK,CA
YBR,CA
YBX,CA
YCB,CA
YCE,CA
YCH,CA
YCO,CA
YCQ,CA
YCY,CA
YDA,CA
YDQ,CA
YEK,CA
YEL,CA
YEU,CA
YFB,CA
YFC,CA
YFE,CA
YTM,CA
YGV,CA
YGW,CA
YGX,CA
YHD,CA
YNS,CA
YHK,CA
YHO,CA
YHY,CA
YIO,CA
YIV,CA
YJN,CA
YJT,CA
YKA,CA
YKC,CA
YKX,CA
YLD,CA
YLL,CA
YLQ,CA
YNM,CA
HZP,CA
YOA,CA
YOJ,CA
YOP,CA
YOW,CA
YPC,CA
YPH,CA
YPN,CA
YPQ,CA
YPX,CA
YPY,CA
YQD,CA
YQF,CA
YQW,CA
YQY,CA
YRI,CA
YRJ,CA
YRL,CA
YRM,CA
YRQ,CA
YSL,CA
YSM,CA
YCM,CA
YSP,CA
YST,CA
YSU,CA
YTA,CA
YTF,CA
YTL,CA
YTR,CA
YVC,CA
YVT,CA
YXJ,CA
YXL,CA
YXR,CA
YXU,CA
YXZ,CA
YYC,CA
YYH,CA
YYJ,CA
YYL,CA
YYN,CA
YZF,CA
YZX,CA
YDT,CA
ZTM,CA
BUJ,DZ
ALG,DZ
QSF,DZ
TEE,DZ
BLJ,DZ
TIN,DZ
ORN,DZ
AZR,DZ
HME,DZ
ELU,DZ
OGX,DZ
IAM,DZ
DGU,BF
TML,GH
DJO,CI
KEO,CI
SEO,CI
ASK,CI
QUO,NG
MXJ,NG
MFQ,NE
ZND,NE
NBE,TN
DJE,TN
KJK,BE
FRA,DE
FMO,DE
CGN,DE
SCN,DE
BRE,DE
HHN,DE
MHG,DE
SGE,DE
KZG,DE
KEL,DE
LBC,DE
ESS,DE
BFE,DE
RBM,DE
FDH,DE
HOQ,DE
BBJ,DE
ZQW,DE
KSF,DE
QHU,DE
GWT,DE
URE,EE
EPU,EE
TLL,EE
KEV,FI
HYV,FI
KAU,FI
KEM,FI
KAJ,FI
MHQ,FI
RVN,FI
SJY,FI
TKU,FI
VRK,FI
BFS,GB
CVT,GB
GLO,GB
YEO,GB
HAW,GB
SWS,GB
QUG,GB
JER,JE
BBS,GB
LHR,GB
LYX,GB
CAX,GB
IOM,IM
VLY,GB
LSI,GB
WIC,GB
ABZ,GB
ILY,GB
DND,GB
TRE,GB
LKZ,GB
FFD,GB
GLZ,NL
DHR,NL
ENS,NL
WOE,NL
CFN,IE
DUB,IE
SNN,IE
RNN,DK
SGD,DK
SKS,DK
TED,DK
FAE,FO
AES,NO
BOO,NO
BDU,NO
FRO,NO
KKN,NO
NTB,NO
HOV,NO
RRS,NO
LYR,NO
SSJ,NO
BZG,PL
LCJ,PL
POZ,PL
RDO,PL
SZY,PL
GSE,SE
MXX,SE
SCR,SE
MMX,SE
VXO,SE
KRF,SE
LYC,SE
SDL,SE
KRN,SE
SFT,SE
AJR,SE
HLF,SE
NRK,SE
EKT,SE
VBY,SE
PJA,SE
HMV,SE
SPM,DE
RMS,DE
FRZ,DE
GKE,DE
IGS,DE
LPX,LV
SQQ,LT
VNO,LT
CPT,ZA
ELS,ZA
FCB,ZA
KIM,ZA
MQP,ZA
HLA,ZA
NTY,ZA
UTN,ZA
UTT,ZA
VRE,ZA
GNZ,BW
BBK,BW
TLD,BW
PKW,BW
SIB,CG
EWO,CG
OUE,CG
DIS,CG
BOP,CF
BBT,CF
ODA,CF
IMO,CF
MKI,CF
ODJ,CF
BSG,GQ
SSG,GQ
HLE,SH
KBI,CM
TKC,CM
BLC,CM
MVR,CM
FOM,CM
GOU,CM
NSI,CM
MNS,ZM
NLA,ZM
HAH,KM
AJN,KM
VVB,MG
TNR,MG
MXT,MG
SMS,MG
DIE,MG
ZWA,MG
MJN,MG
WMN,MG
WFI,MG
OVA,MG
MXM,MG
CAB,AO
CTI,AO
VPE,AO
MEG,AO
SPP,AO
GXG,AO
UGO,AO
CEO,AO
MJL,GA
OKN,GA
LBQ,GA
POG,GA
OMB,GA
LBV,GA
MVB,GA
MYB,GA
TMS,ST
INH,MZ
LFB,MZ
MPM,MZ
APL,MZ
PRI,SC
MQQ,TD
PLF,TD
FYT,TD
VFA,ZW
MVZ,ZW
HRE,ZW
CEH,MW
BLZ,MW
KGJ,MW
MSU,LS
OND,NA
ERS,NA
WDH,NA
FIH,CD
MAT,CD
MDK,CD
BDT,CD
GMA,CD
FKI,CD
FBM,CD
KOO,CD
GUD,ML
NIX,ML
TOM,ML
BJL,GM
FUE,ES
SPC,ES
LPA,ES
ACE,ES
MLN,ES
SNI,LR
MLW,LR
NIA,LR
ROB,LR
THC,LR
AGA,MA
TTA,MA
OZG,MA
AHU,MA
TTU,MA
ZIG,SN
AEO,MR
KFA,MR
TMD,MR
EMN,MR
SEY,MR
ATR,MR
OUZ,MR
FIG,GN
MCA,GN
SBI,GN
GII,GN
SID,CV
SNE,CV
VXE,CV
BJR,ET
DSE,ET
DEM,ET
DIR,ET
GOB,ET
GDE,ET
LLI,ET
BJM,BI
GGR,SO
BSA,SO
GSR,SO
KMU,SO
CMS,SO
BUO,SO
JIB,DJ
DBB,EG
ATZ,EG
CCE,EG
HRG,EG
EGH,EG
UVL,EG
RMF,EG
MUH,EG
SPX,EG
TCP,EG
JUB,SS
KIS,KE
LKG,KE
SRX,LY
HUQ,LY
TOB,LY
QUB,LY
ZIS,LY
KGL,RW
RHG,RW
RSS,SD
ELF,SD
KDX,SD
MWE,SD
EBD,SD
WHF,SD
DAR,TZ
TKQ,TZ
LKY,TZ
MFA,TZ
MWN,TZ
SHY,TZ
TBO,TZ
RUA,UG
EBB,UG
PAF,UG
SRT,UG
ABR,US
ACK,US
ACV,US
ADG,US
ADM,US
AFF,US
AFW,US
AIA,US
ALM,US
ALX,US
AMA,US
ANP,US
ANY,US
APA,US
ARA,US
ARG,US
AUZ,US
ARV,US
ASE,US
SPZ,US
ATL,US
ATS,US
ATY,US
AUS,US
AUW,US
AVL,US
AVP,US
AXG,US
AXN,US
AXS,US
BAD,US
BAF,US
CLU,US
BAM,US
BKG,US
BDE,US
BDG,US
BDR,US
BFD,US
BFL,US
BGE,US
BGM,US
BID,US
BKL,US
BKT,US
BKW,US
BLF,US
BLM,US
BMC,US
BMI,US
BML,US
BMT,US
BNA,US
BNG,US
BNL,US
BNW,US
BOI,US
BOW,US
HCA,US
BPI,US
BQK,US
BRD,US
BRL,US
BRO,US
BTM,US
TTO,US
BTP,US
BTR,US
BUR,US
BVX,US
BWD,US
BWG,US
BWI,US
BWM,US
NHZ,US
BZN,US
CAD,US
CAE,US
CAK,US
CBE,US
CDS,US
CEU,US
CEY,US
CFD,US
CGI,US
CHK,US
CKA,US
CKB,US
CKV,US
CLE,US
CLK,US
CLT,US
CMI,US
CNK,US
CNM,US
CNY,US
CPS,US
CRE,US
CRP,US
CRT,US
CRW,US
CSM,US
CSV,US
HLI,US
CVN,US
CVO,US
KIP,US
HAR,US
CYS,US
DAB,US
DAG,US
DAY,US
DCA,US
DDC,US
DEH,US
DEN,US
DGL,US
DIK,US
DKK,US
DMA,US
DNL,US
DNN,US
DNV,US
DPA,US
DRI,US
DRE,US
DRO,US
DUA,US
DVL,US
DVN,US
DYS,US
EAR,US
EAT,US
ECP,US
EDW,US
EED,US
EFD,US
EFK,US
EFW,US
EGI,US
EKX,US
ELD,US
ELP,US
EMM,US
ENV,US
EPH,US
ERI,US
ERV,US
EST,US
ETB,US
ETN,US
EVV,US
EWB,US
EYW,US
FAR,US
FBL,US
FCS,US
FDR,US
FDY,US
FET,US
FFM,US
FFO,US
FFT,US
FHU,US
FLD,US
FLO,US
FME,US
FMH,US
FMY,US
FOK,US
FPR,US
FPY,US
FRI,US
FSD,US
FSI,US
FSK,US
FST,US
FMS,US
FXE,US
FYV,US
GAB,US
GAI,US
GCN,US
GDV,US
GEG,US
GFK,US
GGG,US
IDH,US
GIF,US
GKT,US
GLD,US
GLR,US
GMU,US
GON,US
GRB,US
GRE,US
GRI,US
GRK,US
GRR,US
GSH,US
GUY,US
GVL,US
PNX,US
GYR,US
HAB,US
HAI,US
HBG,US
HBR,US
HDE,US
HEE,US
MNZ,US
HIB,US
HIE,US
HKA,US
HKS,US
HLC,US
HNB,US
HSH,US
HOB,US
HPT,US
HES,US
THP,US
HST,US
HSV,US
HTH,US
HTL,US
HTS,US
HUF,US
HUM,US
WSH,US
HHH,US
HYA,US
HYR,US
HYS,US
IAB,US
IAD,US
IAG,US
IKK,US
ILE,US
ILM,US
IML,US
IMM,US
IMT,US
INL,US
INS,US
INW,US
IPL,US
IPT,US
IWD,US
JCT,US
JEF,US
JKV,US
KIC,US
LAA,US
LAL,US
LBF,US
LCI,US
LCK,US
LDJ,US
LDM,US
LEB,US
LEM,US
LEX,US
LGD,US
LGF,US
LMS,US
LND,US
LNP,US
LOU,US
LPC,US
LRD,US
LRJ,US
LRU,US
LSB,US
LSV,US
LUK,US
LVM,US
LWL,US
LWT,US
LXN,US
LXV,US
LYO,US
MAC,US
MAW,US
MBG,US
MCB,US
MCF,US
MCK,US
MCN,US
MCW,US
MDH,US
MER,US
MFD,US
MFR,US
MFV,US
MGM,US
MHT,US
MIA,US
MJX,US
MKC,US
MLB,US
MMH,US
MMI,US
MML,US
MMT,US
MMU,US
MOB,US
MPJ,US
MPO,US
MPZ,US
MQB,US
CTH,US
MQY,US
MRY,US
MSP,US
MSY,US
MTC,US
MTH,US
MTJ,US
MTN,US
MTO,US
MTW,US
MUO,US
MVY,US
MWO,US
MXF,US
MYF,US
MYL,US
MYV,US
MZJ,US
DGN,US
NGU,US
NHK,US
NJK,US
NLC,US
NPA,US
NQI,US
NRB,US
NRS,US
NTU,US
NUQ,US
NZY,US
OAJ,US
OAK,US
OBE,US
OCF,US
OEO,US
OFK,US
OKC,US
OKM,US
OKS,US
OLV,US
OMK,US
ONO,US
ONP,US
ONT,US
ORH,US
OSC,US
OWK,US
OCE,US
PAE,US
PAH,US
PJB,US
PBF,US
PVL,US
PDK,US
PGA,US
PHF,US
PHK,US
PHN,US
PIR,US
PLN,US
PMD,US
PNN,US
POC,US
POU,US
PPF,US
LPO,US
PGL,US
PRB,US
PRO,US
PSN,US
PGO,US
PSP,US
PTB,US
PTT,US
PTV,US
PVC,US
PVD,US
PVU,US
PVW,US
PWK,US
RAC,US
RAL,US
RCR,US
RDG,US
RDM,US
RDR,US
RDU,US
RFD,US
RFG,US
RKS,US
RME,US
RST,US
RSW,US
RTN,US
RWI,US
RXE,US
RNZ,US
SAA,US
SAF,US
SAR,US
SBA,US
SBS,US
SBX,US
SCH,US
SCK,US
SDY,US
SEA,US
SEE,US
SER,US
SDX,US
SGH,US
SGR,US
SHD,US
SHN,US
SHV,US
SIK,US
SJC,US
SJN,US
SLB,US
SUM,US
SNL,US
SNS,US
SOP,US
SPA,US
SPF,US
SPI,US
SSF,US
STC,US
STK,US
STS,US
SUS,US
SUW,US
SVC,US
SVE,US
SWF,US
SWW,US
TAD,US
TCM,US
TCS,US
TDO,US
THM,US
TIK,US
TIX,US
TNP,US
TNT,US
TOA,US
TOC,US
TOI,US
TOR,US
TRL,US
TRM,US
TSP,US
TTN,US
TVF,US
TYR,US
UCY,US
UDD,US
ATO,US
UNU,US
UVA,US
VAD,US
VGT,US
VHN,US
VIS,US
VJI,US
VKS,US
VNY,US
VTN,US
VYS,US
WHP,US
WLD,US
WLW,US
WRL,US
WWD,US
WWR,US
XNA,US
YIP,US
YKM,US
YNG,US
ZPH,US
TIA,AL
BOJ,BG
VAR,BG
PFO,CY
DBV,HR
LSZ,HR
OSI,HR
PUY,HR
RJK,HR
SPU,HR
ZAG,HR
ZAD,HR
OVD,ES
RGS,ES
GRO,ES
HSK,ES
IBZ,ES
LEN,ES
RMU,ES
CQM,ES
REU,ES
ROZ,ES
VLC,ES
VLL,ES
VIT,ES
VGO,ES
LRH,FR
PIS,FR
MCU,FR
LIG,FR
ANG,FR
BIQ,FR
RCO,FR
IDY,FR
ANE,FR
BIA,FR
PRP,FR
SOZ,FR
CMF,FR
BOU,FR
LYS,FR
NCY,FR
GNB,FR
VAF,FR
CHR,FR
LYN,FR
CEQ,FR
CTT,FR
AVN,FR
LEH,FR
XCR,FR
URO,FR
CET,FR
ORE,FR
CSF,FR
CDG,FR
NVS,FR
CER,FR
LDV,FR
CFR,FR
LME,FR
NTE,FR
BVE,FR
TLN,FR
FSP,PM
PYR,GR
ATH,GR
JKH,GR
IOA,GR
HER,GR
KLX,GR
CFU,GR
KVA,GR
JMK,GR
RHO,GR
JSI,GR
JSY,GR
SKG,GR
BUD,HU
DEB,HU
BRI,IT
FOG,IT
SUF,IT
CTA,IT
REG,IT
NSY,IT
DCI,IT
CAG,IT
MXP,IT
ALL,IT
LIN,IT
AOT,IT
TSF,IT
VBS,IT
SAY,IT
QSR,IT
JCL,CZ
HRA,CZ
TLV,IL
ETM,IL
RPN,IL
VDA,IL
KLU,AT
LNZ,AT
VIE,AT
SMA,PT
BYJ,PT
CAT,PT
HOR,PT
TER,PT
PDL,PT
SJZ,PT
BNX,BA
TZL,BA
BCM,RO
BAY,RO
GHV,RO
CLJ,RO
CSB,RO
SIR,CH
SMV,CH
ESB,TR
ANK,TR
ADA,TR
UAB,TR
AFY,TR
AYT,TR
MLX,TR
ASR,TR
DNZ,TR
ISL,TR
BDM,TR
ADB,TR
IGL,TR
KCO,TR
TEQ,TR
KZR,TR
DIY,TR
ERC,TR
KSY,TR
BAL,TR
MSR,TR
NKT,TR
HTY,TR
EDO,TR
SZF,TR
RMO,MD
BEG,RS
IVG,ME
BJY,RS
KVO,RS
INI,RS
POV,SK
TAT,SK
GDT,TC
NCA,TC
BRX,DO
CBJ,DO
STI,DO
PON,GT
PEU,HN
XPL,HN
TEA,HN
KIN,JM
KTP,JM
AZG,MX
AGU,MX
CVJ,MX
ACN,MX
CME,MX
NCG,MX
CJS,MX
TCN,MX
HMO,MX
SLW,MX
LZC,MX
MLM,MX
LOV,MX
MEX,MX
MTY,MX
MZT,MX
NOG,MX
OAX,MX
PBC,MX
PDS,MX
UPN,MX
PQM,MX
PVR,MX
PXM,MX
SJD,MX
SFH,MX
SLP,MX
TRC,MX
TQO,MX
TUY,MX
VSA,MX
ZIH,MX
ZLO,MX
BEF,NI
ECI,NI
MGA,NI
BLB,PA
JAP,CR
DRK,CR
GLF,CR
LIR,CR
TMU,CR
ILS,SV
CAP,HT
BYM,CU
CCC,CU
CFG,CU
CYO,CU
NBW,CU
HAV,CU
HOG,CU
MOA,CU
MZO,CU
GER,CU
TND,CU
VRA,CU
SAQ,BS
ELH,BS
NMC,BS
IGA,BS
SML,BS
NAS,BS
RCY,BS
ZSA,BS
BZE,BZ
AIU,CK
MHX,CK
TBU,TO
HPA,TO
NTT,TO
VAV,TO
TRW,KI
WLS,WF
RMT,PF
TUB,PF
FGU,PF
AHE,PF
AUQ,PF
UAH,PF
HUH,PF
LNE,VU
TAH,VU
GEA,NC
ASG,NZ
GIS,NZ
HKK,NZ
MZP,NZ
MRO,NZ
NPE,NZ
NSN,NZ
TIU,NZ
TWZ,NZ
WHK,NZ
WIR,NZ
WTZ,NZ
FAH,AF
FBD,AF
HEA,AF
OAI,AF
KBL,AF
KHT,AF
MZR,AF
OAH,AF
TII,AF
ABT,SA
DMM,SA
URY,SA
QJB,SA
KMC,SA
MED,SA
EAM,SA
AQI,SA
TIF,SA
YNB,SA
DEF,IR
AKW,IR
QMJ,IR
OMI,IR
BUZ,IR
KIH,IR
LVP,IR
IIL,IR
SDG,IR
KKS,IR
CQD,IR
HDM,IR
KLM,IR
NSH,IR
LFM,IR
IMQ,IR
ACZ,IR
ZBR,IR
ZAH,IR
AMM,JO
AQJ,JO
XIJ,KW
BEY,LB
KYE,LB
AUH,AE
AZI,AE
DHF,AE
DXB,AE
SHJ,AE
DQM,OM
SLL,OM
OHS,OM
DSK,PK
GIL,PK
KHI,PK
KDD,PK
LHE,PK
MUX,PK
WNS,PK
UET,PK
RYK,PK
KDU,PK
IQA,IQ
EBL,IQ
BSR,IQ
ISU,IQ
DAM,SY
DEZ,SY
DIA,QA
DOH,QA
KAM,YE
RIY,YE
AKB,US
BTT,US
CIK,US
CDV,US
CXF,US
CZF,US
ADK,US
EHM,US
FAI,US
NIB,US
GAL,US
GAM,US
GST,US
KGX,US
HSL,US
HOM,US
WAA,US
LKK,US
AKN,US
MCG,US
LMA,US
SMK,US
ANC,US
ANI,US
NUL,US
ORT,US
STG,US
PTU,US
RBY,US
SCC,US
SYA,US
ATK,US
AUK,US
WOW,US
KQA,US
VDZ,US
VEE,US
SWD,US
WRG,US
AET,US
HNM,US
JHM,US
KOA,US
LIH,US
NGF,US
OGG,US
PIZ,US
PNI,FM
YAP,FM
LZN,TW
TTT,TW
KYD,TW
TNN,TW
PIF,TW
NRT,JP
MMJ,JP
MUS,JP
KUH,JP
SHB,JP
WKJ,JP
IKI,JP
UBJ,JP
KUM,JP
FUJ,JP
KOJ,JP
OIT,JP
KMJ,JP
NGS,JP
OKE,JP
TKN,JP
FKJ,JP
TOY,JP
NTQ,JP
HIJ,JP
KCZ,JP
TAK,JP
GAJ,JP
FKS,JP
HNA,JP
SDJ,JP
HAC,JP
MYE,JP
YNY,KR
CJU,KR
JDG,KR
PUS,KR
SWU,KR
KPO,KR
TAE,KR
HMY,KR
CJJ,KR
YEC,KR
DNA,JP
UEO,JP
HTR,JP
SHI,JP
TRA,JP
SFS,PH
DRP,PH
SGL,PH
CBO,PH
DVO,PH
IGN,PH
MLP,PH
MXI,PH
SUG,PH
TDG,PH
ZAM,PH
IAO,PH
TAG,PH
BAG,PH
BSO,PH
SFE,PH
CYZ,PH
TAC,PH
DGT,PH
CRM,PH
MBT,PH
OMC,PH
PPS,PH
USU,PH
BPA,PH
LCM,AR
COR,AR
LPG,AR
MJR,AR
RAF,AR
NCJ,AR
APZ,AR
LGS,AR
IRJ,AR
RHD,AR
TUC,AR
CRR,AR
RCU,AR
LUQ,AR
PSS,AR
SLA,AR
ORA,AR
OYA,AR
EHL,AR
EMX,AR
SGV,AR
VDM,AR
FTE,AR
PMQ,AR
GGS,AR
OVR,AR
SST,AR
NQN,AR
NEC,AR
TDL,AR
VLG,AR
CPC,AR
CDJ,BR
JTC,BR
AJU,BR
BSB,BR
BVB,BR
CFC,BR
XAP,BR
CLV,BR
CMG,BR
MAO,BR
JCR,BR
IGU,BR
FEN,BR
GUJ,BR
ITB,BR
JJG,BR
JPA,BR
LEC,BR
LDB,BR
MEU,BR
MOC,BR
MCZ,BR
NVT,BR
PFB,BR
PET,BR
PTO,BR
BPS,BR
ROO,BR
RAO,BR
NAT,BR
OPS,BR
SJK,BR
SMT,BR
SSZ,BR
SSA,BR
UNA,BR
TFF,BR
URG,BR
IZA,BR
ARI,CL
CJC,CL
PUQ,CL
GXQ,CL
ANF,CL
WPR,CL
LSQ,CL
CCP,CL
VLR,CL
PNT,CL
MHC,CL
ZCO,CL
CNR,CL
TNM,AQ
SMB,CL
PZS,CL
FEC,BR
OUS,BR
PNB,BR
VOT,BR
LOH,EC
OCC,EC
CUE,EC
IBB,EC
LTX,EC
XMS,EC
MEC,EC
ETR,EC
ESM,EC
TPC,EC
CIO,PY
ESG,PY
FRC,BR
RIG,BR
ARS,BR
API,CO
AXM,CO
ELB,CO
BSC,CO
CRC,CO
GPI,CO
IBE,CO
IPI,CO
APO,CO
MCJ,CO
LET,CO
MFS,CO
MGN,CO
MZL,CO
NVA,CO
ORC,CO
RON,CO
PDA,CO
PTX,CO
PSO,CO
PVA,CO
PZA,CO
SMR,CO
SVI,CO
TLU,CO
TQS,CO
AUC,CO
UIB,CO
ULQ,CO
VGZ,CO
VVC,CO
SRE,BO
ASC,BO
BJO,BO
CIJ,BO
CEP,BO
SRZ,BO
SJV,BO
LPB,BO
RBQ,BO
TJA,BO
VLM,BO
JSO,BR
AMJ,BR
BQQ,BR
JPE,BR
VCC,BR
SXX,BR
QGP,BR
IRE,BR
QIG,BR
QIT,BR
SSO,BR
SBJ,BR
ORX,BR
PIV,BR
FLB,BR
TXF,BR
JPO,BR
AYX,PE
AYP,PE
ATA,PE
JUL,PE
CHH,PE
PIO,PE
TPP,PE
PEM,PE
CUZ,PE
CCI,BR
CKO,BR
QCR,BR
SQX,BR
PNG,BR
PVI,BR
JBS,BR
BLA,VE
MYC,VE
CUP,VE
CZE,VE
GUQ,VE
HGE,VE
LSP,VE
CCS,VE
SFD,VE
SOM,VE
STB,VE
TUV,VE
VLN,VE
MQH,BR
CCX,BR
CIZ,BR
TLZ,BR
NQL,BR
PIN,BR
VLP,BR
IUP,BR
KRM,GY
LTM,GY
ANU,AG
BGI,BB
DOM,DM
FDF,MQ
GBJ,GP
STT,VI
MAZ,PR
PSE,PR
VQS,PR
BON,BQ
AXA,AI
TAB,TT
CIW,VC
BXH,KZ
USJ,KZ
TDK,KZ
NQZ,KZ
DZN,KZ
KGF,KZ
UZR,KZ
SZI,KZ
GUW,KZ
AKX,KZ
FRU,KG
OSS,KG
EVN,AM
ADH,RU
YKS,RU
NER,RU
NYR,RU
ONK,RU
CYX,RU
BUS,GE
GDX,RU
KVM,RU
BQG,RU
OHO,RU
EKS,RU
KVR,RU
IKT,RU
KCK,RU
UKX,RU
KBP,UA
OZH,UA
KWG,UA
PLV,UA
KGO,UA
ZTR,UA
IFO,UA
CWC,UA
RWN,UA
ODS,UA
VIN,UA
ARH,RU
VKV,RU
NNM,RU
PES,RU
GME,BY
KGD,RU
MSQ,BY
ABA,RU
BAX,RU
KEJ,RU
TGP,RU
KJA,RU
AAQ,RU
GDZ,RU
GRV,RU
NAL,RU
OGZ,RU
ROV,RU
TGK,RU
ASF,RU
SLY,RU
NYA,RU
URJ,RU
SGC,RU
SVX,RU
TJM,RU
MYP,TM
TAZ,TM
CRZ,TM
AZN,UZ
NMA,UZ
NCU,UZ
BHK,UZ
KSQ,UZ
TAS,UZ
ZIA,RU
KLD,RU
OSF,RU
PEX,RU
USK,RU
SCW,RU
GOJ,RU
KZN,RU
ULY,RU
REN,RU
GSV,RU
KUF,RU
IXU,IN
BHJ,IN
BHO,IN
JGA,IN
KLH,IN
SSE,IN
ACJ,LK
BTC,LK
HIM,LK
KTY,LK
GIU,LK
WRZ,LK
BBM,KH
KOS,KH
IXA,IN
BBI,IN
PAB,IN
CCU,IN
GAY,IN
JGB,IN
IXS,IN
PYG,IN
IXR,IN
RRK,IN
RPR,IN
RUP,IN
TEI,IN
TEZ,IN
BZL,BD
DAC,BD
HKG,HK
AGR,IN
AIP,IN
BUP,IN
BEK,IN
DED,IN
DEL,IN
IXJ,IN
PGH,IN
HOE,LA
LPQ,LA
PKZ,LA
ZBY,LA
KTM,NP
PKR,NP
SIF,NP
TMI,NP
BIR,NP
BLR,IN
VGA,IN
CJB,IN
COK,IN
CCJ,IN
GOX,IN
GOI,IN
BPM,IN
KJB,IN
MAA,IN
PNY,IN
RJA,IN
SXV,IN
SDW,IN
TIR,IN
WGC,IN
GAN,MV
KDO,MV
GKK,MV
VAM,MV
HGN,TH
PRH,TH
PHY,TH
TKH,TH
TKT,TH
KBV,TH
SGZ,TH
HDY,TH
PXR,TH
KKC,TH
BFV,TH
KOP,TH
VCL,VN
VCS,VN
VCA,VN
DAD,VN
HAN,VN
UIH,VN
PQC,VN
SGN,VN
VII,VN
NYU,MM
TVY,MM
HEH,MM
HOX,MM
KET,MM
MYT,MM
MGU,MM
MGK,MM
THL,MM
BIK,ID
NBX,ID
BMU,ID
LAH,ID
LLO,ID
SMQ,ID
YIA,ID
CXP,ID
SOC,ID
SRG,ID
DJJ,ID
KEI,ID
TMH,ID
GHS,ID
BPN,ID
TSX,ID
GTO,ID
KBU,ID
BDJ,ID
SQN,ID
SXK,ID
TRK,ID
CPF,ID
SUB,ID
RJM,ID
ABU,ID
BJW,ID
RTG,ID
TMC,ID
LBJ,ID
WGP,ID
MKW,ID
BTU,MY
KCH,MY
PKU,ID
DUM,ID
BTH,ID
AEG,ID
KNO,ID
SIW,ID
LSR,ID
SQG,ID
LLJ,ID
PDO,ID
PXA,ID
TXE,ID
SBG,ID
KUA,MY
KTE,MY
UAI,TL
DIL,TL
BCH,TL
SIN,SG
MRP,AU
ADO,AU
WLP,AU
BNE,AU
CTL,AU
BVI,AU
BEU,AU
BRK,AU
BUC,AU
PPP,AU
ROK,AU
BME,AU
BLT,AU
ZBO,AU
WEI,AU
CVQ,AU
CRB,AU
CNJ,AU
CBX,AU
CVC,AU
CKW,AU
CML,AU
NIF,AU
CNB,AU
CUQ,AU
CYG,AU
DBY,AU
DNQ,AU
DMD,AU
DVP,AU
DPO,AU
DYA,AU
ERQ,AU
EPR,AU
FRB,AU
KFE,AU
FOS,AU
GBL,AU
GOO,AU
GET,AU
GTE,AU
GFF,AU
GYP,AU
HXX,AU
HOK,AU
HSM,AU
HGD,AU
JUN,AU
JCK,AU
KDB,AU
KBY,AU
KFG,AU
KGY,AU
LGH,AU
IRG,AU
BBL,AU
LRE,AU
LVO,AU
DGE,AU
MKR,AU
MEB,AU
MQL,AU
LST,AU
MBW,AU
MEL,AU
WME,AU
MOV,AU
NAA,AU
NUR,AU
NUB,AU
ZNE,AU
OLP,AU
MOO,AU
ADL,AU
PBO,AU
CCK,CC
GOV,AU
JAD,AU
PKE,AU
PER,AU
ULP,AU
RMK,AU
RTS,AU
BWU,AU
WCD,AU
CDU,AU
NSO,AU
MJK,AU
SHT,AU
NLK,NF
SNB,AU
SRN,AU
WGA,AU
SWC,AU
TQP,AU
XTG,AU
TYB,AU
TCW,AU
TRO,AU
TWB,AU
VCD,AU
WNR,AU
WYA,AU
WKB,AU
NTL,AU
WUN,AU
WIN,AU
WWI,AU
WYN,AU
BWT,AU
NGA,AU
CIF,CN
DSN,CN
NZH,CN
BAV,CN
TSN,CN
TGO,CN
RLK,CN
DYG,CN
CAN,CN
SWA,CN
LZH,CN
EHU,CN
WUH,CN
YIH,CN
HAK,CN
INC,CN
UYN,CN
HVD,MN
TNZ,MN
ULO,MN
UNR,MN
ULG,MN
LUM,CN
CZX,CN
DOY,CN
FUG,CN
KOW,CN
JDZ,CN
TNA,CN
HYN,CN
TAO,CN
JJN,CN
HIA,CN
SHA,CN
TFU,CN
CTU,CN
URC,CN
JMU,CN
DLC,CN
AXB,US
BAS,SB
HIR,SB
MUA,SB
INU,NR
BUA,PG
BUL,PG
GKA,PG
GUR,PG
PNP,PG
HKN,PG
KIE,PG
LSA,PG
UNG,PG
KVG,PG
MAG,PG
HGU,PG
MAS,PG
LAE,PG
POM,PG
VAI,PG
WBM,PG
WWK,PG
UAK,GL
SFJ,GL
AEY,IS
EGS,IS
HFN,IS
HZK,IS
IFJ,IS
SAK,IS
RKV,IS
YZZ,CA
YMB,CA
YAA,CA
DGF,CA
JHL,CA
YPB,CA
YBO,CA
TNS,CA
DVK,CA
YDC,CA
NML,CA
GSL,CA
DAS,CA
TIL,CA
GHK,CA
YDJ,CA
YDU,CA
XCL,CA
YDW,CA
YNP,CA
XBR,CA
YEB,CA
KFM,CA
YLS,CA
YNX,CA
YFG,CA
YAR,CA
YAM,CA
YAY,CA
YAZ,CA
YBB,CA
YBC,CA
QBC,CA
YBY,CA
YBL,CA
YCD,CA
YCG,CA
XCM,CA
YCL,CA
YCN,CA
YCZ,CA
YDB,CA
YDF,CA
YDL,CA
XRR,CA
YDN,CA
YDO,CA
YEG,CA
YEN,CA
YET,CA
YEV,CA
YEY,CA
YFI,CA
YFO,CA
YFR,CA
YFS,CA
YGH,CA
YGK,CA
YGL,CA
YGM,CA
YGP,CA
YGQ,CA
YGR,CA
YGT,CA
YHB,CA
YHF,CA
YHI,CA
YHM,CA
YHR,CA
YHT,CA
YHU,CA
YHZ,CA
YIB,CA
YIF,CA
YKF,CA
YKJ,CA
YKL,CA
YKD,CA
YKZ,CA
YLB,CA
YLJ,CA
YLK,CA
YLT,CA
YLW,CA
YMA,CA
YME,CA
YMJ,CA
YML,CA
YMM,CA
YMO,CA
YMT,CA
YMW,CA
YMX,CA
YNA,CA
YND,CA
YNE,CA
YNH,CA
YLY,CA
YNL,CA
YOC,CA
YOD,CA
YOO,CA
YPA,CA
YPS,CA
YPE,CA
YPG,CA
YPL,CA
YPO,CA
YPR,CA
YPZ,CA
YQA,CA
YQB,CA
YQG,CA
YQH,CA
YQI,CA
YQK,CA
YQL,CA
YQM,CA
YQQ,CA
YQR,CA
YQS,CA
YQT,CA
YQU,CA
YQV,CA
YQX,CA
YQZ,CA
YRB,CA
YRT,CA
YRV,CA
YSB,CA
YSC,CA
YSF,CA
YSJ,CA
YSY,CA
YTH,CA
YTS,CA
YTZ,CA
YUB,CA
YUL,CA
YUX,CA
YUY,CA
YVB,CA
YVG,CA
YVO,CA
YVP,CA
YVQ,CA
YVR,CA
YVV,CA
YWG,CA
YWK,CA
YWL,CA
YXC,CA
YXE,CA
YXH,CA
YXK,CA
YXS,CA
YXT,CA
YXX,CA
YXY,CA
YYB,CA
YYD,CA
YYE,CA
YYF,CA
YYG,CA
YYM,CA
YYQ,CA
YYR,CA
YYT,CA
YYU,CA
YYW,CA
YYY,CA
YYZ,CA
YZE,CA
YZH,CA
YZP,CA
YZR,CA
YZS,CA
YZT,CA
YZU,CA
YZV,CA
YZW,CA
ZAC,CA
YSN,CA
ZBF,CA
ZBM,CA
ZGF,CA
ZHP,CA
ZMH,CA
ZMT,CA
WPC,CA
ZUM,CA
BJA,DZ
DJG,DZ
VVZ,DZ
TMR,DZ
GJL,DZ
AAE,DZ
CZL,DZ
TID,DZ
CFK,DZ
TLM,DZ
CBH,DZ
MUW,DZ
INF,DZ
BMW,DZ
BSK,DZ
ELG,DZ
GHA,DZ
INZ,DZ
TGR,DZ
TMX,DZ
COO,BJ
PKO,BJ
OUG,BF
FNG,BF
XGG,BF
OUA,BF
BOY,BF
ACC,GH
KMS,GH
NYI,GH
TKD,GH
ABJ,CI
BYK,CI
DIM,CI
HGO,CI
MJC,CI
SPY,CI
ZSS,CI
TOZ,CI
ABV,NG
AKR,NG
ABB,NG
BNI,NG
CBQ,NG
ENU,NG
GMO,NG
IBA,NG
ILR,NG
QOW,NG
JOS,NG
KAD,NG
KAN,NG
MIU,NG
MDI,NG
LOS,NG
PHC,NG
SKO,NG
QRW,NG
YOL,NG
ZAR,NG
NIM,NE
THZ,NE
AJY,NE
TBJ,TN
MIR,TN
TUN,TN
GAF,TN
GAE,TN
EBM,TN
SFA,TN
TOE,TN
LRL,TG
LFW,TG
ANR,BE
BRU,BE
CRL,BE
LGG,BE
OST,BE
AOC,DE
HDF,DE
REB,DE
CSO,DE
BBH,DE
PEF,DE
BER,DE
DRS,DE
ERF,DE
HAM,DE
DUS,DE
MUC,DE
NUE,DE
LEJ,DE
STR,DE
HAJ,DE
EIB,DE
XFW,DE
FMM,DE
MGL,DE
PAD,DE
NRN,DE
DTM,DE
AGB,DE
OBF,DE
BYU,DE
GHF,DE
FKB,DE
LHA,DE
BWE,DE
EME,DE
WVN,DE
FLF,DE
KDL,EE
TAY,EE
ENF,FI
HEL,FI
KTQ,FI
IVL,FI
JOE,FI
JYV,FI
KOK,FI
KAO,FI
KTT,FI
KUO,FI
LPP,FI
MIK,FI
OUL,FI
POR,FI
SVL,FI
SOT,FI
TMP,FI
UTI,FI
VAA,FI
YLI,FI
ENK,GB
BHD,GB
LDY,GB
BHX,GB
ORM,GB
GBA,GB
MAN,GB
CAL,GB
OBN,GB
CWL,GB
BRS,GB
LPL,GB
LTN,GB
BOH,GB
SOU,GB
NQY,GB
ACI,GG
GCI,GG
BQH,GB
LGW,GB
LCY,GB
FAB,GB
SEN,GB
BLK,GB
HUY,GB
LBA,GB
WRT,GB
CEG,GB
NCL,GB
MME,GB
EMA,GB
KOI,GB
INV,GB
GLA,GB
EDI,GB
PIK,GB
BEB,GB
SYY,GB
PSL,GB
ADX,GB
LMO,GB
CBG,GB
NWI,GB
STN,GB
EXT,GB
OXF,GB
BEX,GB
MHZ,GB
QUY,GB
BZZ,GB
ODH,GB
NHT,GB
QCY,GB
SQZ,GB
WTN,GB
KNF,GB
MPN,FK
AMS,NL
MST,NL
EIN,NL
GRQ,NL
LEY,NL
LWR,NL
RTM,NL
UDE,NL
ORK,IE
GWY,IE
NOC,IE
KIR,IE
SXL,IE
WAT,IE
AAR,DK
BLL,DK
CPH,DK
EBJ,DK
KRP,DK
ODE,DK
RKE,DK
STA,DK
AAL,DK
LUX,LU
ANX,NO
ALF,NO
FDE,NO
BNN,NO
BGO,NO
BVG,NO
KRS,NO
EVE,NO
VDB,NO
OSL,NO
HMR,NO
HAU,NO
HFT,NO
HAA,NO
KSU,NO
MOL,NO
MJF,NO
LKL,NO
OLA,NO
RYG,NO
SDN,NO
SVJ,NO
SKN,NO
SKE,NO
SRP,NO
TOS,NO
TRF,NO
TRD,NO
SVG,NO
GDN,PL
KRK,PL
KTW,PL
LUZ,PL
WMI,PL
CZW,PL
RZE,PL
SZZ,PL
WAW,PL
WRO,PL
IEG,PL
RNB,SE
GOT,SE
JKG,SE
LDK,SE
KVB,SE
THN,SE
NYO,SE
KID,SE
OSK,SE
KLR,SE
HAD,SE
EVG,SE
GEV,SE
OER,SE
UME,SE
VHM,SE
SOO,SE
OSD,SE
ORB,SE
HFS,SE
KSD,SE
VST,SE
LLA,SE
ARN,SE
BMA,SE
BLE,SE
GVX,SE
LPI,SE
TYF,SE
AGH,SE
SQO,SE
FCN,DE
RLG,DE
WBG,DE
WIE,DE
RIX,LV
VNT,LV
KUN,LT
PLQ,LT
ALJ,ZA
BIY,ZA
BFN,ZA
PZL,ZA
GCJ,ZA
GRJ,ZA
QRA,ZA
HDS,ZA
KXE,ZA
KMH,ZA
LDZ,ZA
DUR,ZA
SDB,ZA
MGH,ZA
MBD,ZA
LLE,ZA
MZQ,ZA
NCS,ZA
NGL,ZA
NLP,ZA
OVG,ZA
OUH,ZA
JNB,ZA
AFD,ZA
PLZ,ZA
PBZ,ZA
PHW,ZA
PRK,ZA
PZB,ZA
PTG,ZA
PCF,ZA
RCB,ZA
ROD,ZA
SBU,ZA
SIS,ZA
SZK,ZA
ULD,ZA
ULX,ZA
PRY,ZA
WKF,ZA
MUB,BW
FRW,BW
GBE,BW
SWX,BW
BZV,CG
DJM,CG
NKY,CG
ANJ,CG
OLL,CG
ION,CG
MKJ,CG
FTX,CG
PNR,CG
MTS,SZ
SHO,SZ
BGF,CF
BGU,CF
IRO,CF
BBY,CF
NDL,CF
BIV,CF
BSN,CF
ASI,SH
MRU,MU
RRG,MU
NKW,IO
DLA,CM
MMF,CM
OUR,CM
NGE,CM
BTA,CM
BFX,CM
BPC,CM
YAO,CM
CIP,ZM
LVI,ZM
LUN,ZM
KAA,ZM
MFU,ZM
MNR,ZM
KIW,ZM
SLI,ZM
NWA,KM
DZA,YT
RUN,RE
ZSE,RE
TMM,MG
MOQ,MG
WMR,MG
AMB,MG
NOS,MG
SVB,MG
FTU,MG
IHO,MG
MJA,MG
MNJ,MG
TLE,MG
SSY,AO
BUG,AO
NBJ,AO
KNP,AO
CBT,AO
DUE,AO
NOV,AO
SVP,AO
LAD,AO
MSZ,AO
VHC,AO
SZA,AO
UAL,AO
SDD,AO
LUO,AO
XGN,AO
OYE,GA
MFF,GA
MKU,GA
LTL,GA
TCH,GA
PCP,ST
BEW,MZ
FXO,MZ
VPY,MZ
VXC,MZ
MZB,MZ
MNC,MZ
POL,MZ
UEL,MZ
TET,MZ
VNX,MZ
SEZ,SC
SRH,TD
OGR,TD
AEH,TD
NDJ,TD
MVO,TD
AMC,TD
BFO,ZW
BUQ,ZW
KAB,ZW
GWE,ZW
HWN,ZW
LLW,MW
ZZU,MW
LRB,LS
ADI,NA
GOG,NA
GFY,NA
MPA,NA
KMP,NA
LUD,NA
OKU,NA
OMD,NA
NDU,NA
RHN,NA
SWP,NA
WVB,NA
NLO,CD
MNB,CD
KKW,CD
LIE,CD
KLI,CD
BMB,CD
LIQ,CD
IRP,CD
BUX,CD
BZU,CD
BKY,CD
GOM,CD
KND,CD
KWZ,CD
FMI,CD
KGA,CD
TSH,CD
LJA,CD
MJM,CD
BKO,ML
GAQ,ML
KYS,ML
MZI,ML
NRM,ML
EYL,ML
GMZ,ES
VDE,ES
TFS,ES
TFN,ES
KBS,SL
KBA,SL
KEN,SL
FNA,SL
OXB,GW
GLN,MA
UAR,MA
FEZ,MA
ERH,MA
OUD,MA
GMD,MA
BEM,MA
RBA,MA
VIL,EH
ESU,MA
EUN,EH
CMN,MA
NDR,MA
RAK,MA
OZZ,MA
TNG,MA
DSS,SN
CSK,SN
KLC,SN
DKR,SN
MAX,SN
POD,SN
RDT,SN
XLS,SN
BXE,SN
KGG,SN
SMY,SN
TUD,SN
THI,MR
TIY,MR
AJJ,MR
KED,MR
MOM,MR
NKC,MR
FGD,MR
NDB,MR
CKY,GN
FAA,GN
KSI,GN
LEK,GN
NZE,GN
BKJ,GN
BVC,CV
RAI,CV
SFL,CV
ADD,ET
AMH,ET
AXU,ET
GMB,ET
GDQ,ET
HUE,ET
JIJ,ET
JIM,ET
ABK,ET
AWA,ET
MQX,ET
SZE,ET
ASO,ET
HGA,SO
BBO,SO
MGQ,SO
BLW,SO
GLK,SO
AAC,EG
HBE,EG
ABS,EG
EES,EG
CAI,EG
DAK,EG
LXR,EG
GSQ,EG
PSD,EG
SKV,EG
HMB,EG
SSH,EG
ASW,EG
ELT,EG
ASM,ER
MSW,ER
ASA,ER
TES,ER
MAK,SS
WUU,SS
EDL,KE
NBO,KE
KEU,KE
ILU,KE
KEY,KE
KTL,KE
LAU,KE
MYD,KE
MBA,KE
NUU,KE
NYK,KE
WIL,KE
WJR,KE
GHT,LY
AKF,LY
BEN,LY
MJI,LY
LAQ,LY
SEB,LY
MRA,LY
LTD,LY
WAX,LY
GYI,RW
KME,RW
ATB,SD
DOG,SD
EGN,SD
KSL,SD
UYL,SD
PZU,SD
KRT,SD
ARK,TZ
BKZ,TZ
DOD,TZ
MBI,TZ
IRI,TZ
KIY,TZ
JRO,TZ
LDI,TZ
XMI,TZ
NPY,TZ
MYW,TZ
MUZ,TZ
MWZ,TZ
NCH,TZ
JOM,TZ
PMA,TZ
SEU,TZ
SGX,TZ
SUT,TZ
TGT,TZ
ZNZ,TZ
ULU,UG
KSE,UG
KCU,UG
AAF,US
ABE,US
ABI,US
ABQ,US
ABY,US
ACB,US
ACT,US
ACY,US
ADT,US
ADS,US
ADW,US
AEL,US
AEX,US
WSG,US
AFO,US
AGC,US
AGO,US
AGS,US
AHC,US
AHH,US
AHN,US
AID,US
AIK,US
AIO,US
AIV,US
AIZ,US
AKO,US
AKC,US
ALB,US
ALI,US
ALN,US
ALO,US
ALS,US
ALW,US
AMN,US
AMW,US
ANB,US
AND,US
SLT,US
ANQ,US
ANW,US
AOH,US
AOO,US
APC,US
APF,US
APG,US
APN,US
APV,US
WHT,US
ART,US
ASH,US
ASL,US
ASN,US
AST,US
ASX,US
ASY,US
ATW,US
AUG,US
AUM,US
AUO,US
AVO,US
AVW,US
AWM,US
AXV,US
AXX,US
AYS,US
TUH,US
AZO,US
BAB,US
BBB,US
BBD,US
BTN,US
BBW,US
BCB,US
BCE,US
BCT,US
ILL,US
BDL,US
WBU,US
BEC,US
BED,US
BEH,US
BFF,US
BFI,US
BFM,US
BFR,US
BGD,US
BGR,US
BHB,US
BHM,US
BIE,US
BIF,US
BIH,US
BIL,US
BIS,US
BIX,US
BJC,US
BJI,US
BJJ,US
BKD,US
BKE,US
BFK,US
BKX,US
BLH,US
BLI,US
BLV,US
BMG,US
BNO,US
BOS,US
WMH,US
BPT,US
BRY,US
BTF,US
BTL,US
BTV,US
BTY,US
BUF,US
BFP,US
BVO,US
MVW,US
BLD,US
BVY,US
BWC,US
WAH,US
BXA,US
BXK,US
BYG,US
BYH,US
BYI,US
BBC,US
CIG,US
CAO,US
CAR,US
CBF,US
CBK,US
CBM,US
CCR,US
CCY,US
CDC,US
CDH,US
CDN,US
CDR,US
CDW,US
CEC,US
CEF,US
CEV,US
CEW,US
CEZ,US
TZC,US
CFT,US
CFV,US
CGE,US
CGF,US
CGZ,US
CHA,US
CHO,US
CHS,US
CIC,US
CID,US
CIN,US
CIR,US
CIU,US
CKM,US
CKN,US
CLI,US
CLL,US
CLM,US
CLS,US
CLW,US
CMH,US
CMX,US
CMY,US
CNO,US
CNU,US
CNW,US
COD,US
COE,US
COF,US
COM,US
CON,US
COS,US
COT,US
COU,US
CPR,US
HCW,US
CRG,US
CLD,US
CRS,US
CRX,US
CSG,US
CSQ,US
CTB,US
CTY,US
CTZ,US
CUB,US
CUH,US
CVG,US
CKK,US
CVS,US
CWA,US
CWF,US
CWI,US
CXL,US
CXO,US
CSN,US
CZT,US
DAA,US
DAL,US
DAN,US
DBN,US
DBQ,US
DCU,US
DEC,US
DET,US
DFI,US
DFW,US
DGW,US
DHN,US
DHT,US
DLF,US
DLH,US
DLN,US
DLS,US
DMN,US
DMO,US
DNS,US
DOV,US
DPG,US
DRT,US
DSM,US
DTA,US
DTL,US
DTN,US
DSI,US
DTW,US
DUC,US
DUG,US
DUJ,US
DVT,US
DWH,US
DXR,US
EAN,US
EAU,US
ECG,US
ECS,US
EDE,US
ETS,US
EEN,US
EGE,US
EGV,US
EKI,US
EKN,US
EKO,US
ELA,US
ELK,US
ELM,US
ELN,US
LYU,US
ELY,US
ELZ,US
EMP,US
END,US
ENL,US
ENW,US
EOK,US
EDK,US
ESC,US
ESF,US
ESN,US
EUF,US
EUG,US
EVM,US
EVW,US
EWK,US
EWN,US
EWR,US
FAM,US
FAT,US
FAY,US
FBR,US
FCM,US
FDK,US
FEP,US
FFL,US
MSC,US
FKL,US
FKN,US
FLG,US
FLL,US
FLP,US
FLV,US
FLX,US
FMN,US
FNL,US
FNT,US
FOD,US
FOE,US
FIL,US
FRG,US
FRH,US
FRM,US
FSM,US
FSU,US
FTK,US
FTW,US
FTY,US
WFK,US
FWA,US
FXY,US
FYM,US
GAD,US
GAG,US
GBD,US
GBG,US
GCC,US
JDA,US
GCK,US
GCY,US
GDW,US
GED,US
GEY,US
GFL,US
GGE,US
GGW,US
GHM,US
GJT,US
MEJ,US
GLE,US
GLH,US
GLS,US
GLW,US
GNG,US
GNT,US
GNV,US
GOK,US
FCA,US
GPT,US
GPZ,US
GRD,US
GRF,US
GRN,US
GSB,US
GSO,US
GSP,US
GTF,US
GTR,US
GUC,US
GUP,US
GUS,US
GVT,US
GWO,US
GXY,US
GDC,US
GYY,US
HAF,US
HAO,US
HDN,US
HEZ,US
HFD,US
HFF,US
HGR,US
HHR,US
HUJ,US
HIF,US
HII,US
HIO,US
HKY,US
HLB,US
HLG,US
HLN,US
HMN,US
HMT,US
HON,US
HOP,US
HOT,US
HOU,US
HPN,US
HPY,US
HQM,US
HRL,US
HRO,US
HSB,US
HSI,US
HSP,US
HUA,US
HUL,US
HUT,US
HVE,US
HVN,US
HVR,US
HVS,US
HWD,US
HZL,US
JFN,US
IAH,US
ICL,US
ICT,US
IDA,US
IDI,US
IDP,US
XPR,US
IFA,US
IFP,US
IGM,US
ILG,US
ILN,US
MDN,US
IND,US
INK,US
INT,US
IOW,US
IRK,US
IRS,US
ISM,US
ISO,US
ISP,US
ISQ,US
ISW,US
ITH,US
IUA,US
AZA,US
IWS,US
JCI,US
IYK,US
FRY,US
JAC,US
JAN,US
JAS,US
JAX,US
JBR,US
JDN,US
JFK,US
JHW,US
GUF,US
JLN,US
JMS,US
USA,US
JST,US
JVL,US
JXN,US
KLS,US
LAF,US
LAM,US
LAN,US
LAR,US
LAS,US
LAW,US
LAX,US
LBB,US
LBE,US
LBL,US
LBT,US
LJN,US
LCH,US
LCQ,US
LEE,US
LEW,US
LFI,US
LFK,US
LFT,US
LGA,US
LGB,US
LGC,US
LGU,US
LIY,US
LFN,US
LIC,US
LIT,US
LKP,US
LOW,US
LKV,US
CHL,US
LMT,US
LNK,US
LNN,US
LNR,US
LNS,US
LOL,US
LOT,US
LOZ,US
LQK,US
LRF,US
LSE,US
LSF,US
LSK,US
LTS,US
LUF,US
LUL,US
LVK,US
LVS,US
LWB,US
LWC,US
LWM,US
LWS,US
LWV,US
LYH,US
LZU,US
MAE,US
MAF,US
MBL,US
DXE,US
MBS,US
MBY,US
MCC,US
MCE,US
MCI,US
MCO,US
MDD,US
XMD,US
MDT,US
MDW,US
MDF,US
MXE,US
MEI,US
MEM,US
MEV,US
UMZ,US
MFE,US
MFI,US
MGC,US
MGE,US
MGJ,US
MGR,US
MGW,US
MGY,US
MHE,US
MHK,US
MHL,US
MHR,US
MHV,US
MIB,US
MIE,US
MIT,US
MIV,US
MKE,US
MKG,US
MKL,US
MRK,US
MLC,US
MLI,US
MLS,US
MLU,US
MMS,US
MNM,US
MNN,US
MOD,US
MOT,US
MPV,US
MEO,US
MRB,US
MRC,US
MRF,US
MRN,US
MSL,US
MSN,US
MSO,US
MSS,US
MSV,US
MUT,US
MVC,US
MWA,US
MWC,US
MWH,US
MWL,US
MXA,US
MYR,US
MZZ,US
NBG,US
NEL,US
NEN,US
NEW,US
NFL,US
FWH,US
NIP,US
NKX,US
NQA,US
NQX,US
NSE,US
NTD,US
NUW,US
YUM,US
OCH,US
OCW,US
OGA,US
OGB,US
OGD,US
OGS,US
OIC,US
OJC,US
OKK,US
WGO,US
OLD,US
OLF,US
OLM,US
OLS,US
OMA,US
ONL,US
OPF,US
NCO,US
ORD,US
ORF,US
ORL,US
OSH,US
OSU,US
OTH,US
OTM,US
OUN,US
OVE,US
OWA,US
OWB,US
OWD,US
OXC,US
OXD,US
OXR,US
STQ,US
OZA,US
OZR,US
PAM,US
PBG,US
PBI,US
PCD,US
PDT,US
PDX,US
PEQ,US
PGD,US
PGR,US
PGV,US
ADR,US
PHL,US
PHT,US
PHX,US
PIA,US
PIB,US
PIE,US
PIH,US
PIM,US
PIT,US
PKB,US
PKD,US
PLR,US
PMH,US
PPM,US
PWY,US
PNC,US
PNE,US
PNS,US
POB,US
POE,US
POF,US
POY,US
PPA,US
PQI,US
PRC,US
PRX,US
PSC,US
PSF,US
PSK,US
PSM,US
PSX,US
PTK,US
PTN,US
PUB,US
PUC,US
PUW,US
PWA,US
PWM,US
PWT,US
PYM,US
RAP,US
RBD,US
RBG,US
RBL,US
RBW,US
RCA,US
RCT,US
RDD,US
REO,US
RHI,US
RIC,US
RIL,US
RIV,US
RIW,US
RKD,US
RKP,US
RKW,US
RMG,US
RNC,US
RND,US
RNO,US
RNT,US
ROA,US
ROC,US
ROG,US
ROW,US
ROX,US
RIE,US
RPX,US
WBR,US
RQO,US
RRL,US
RRT,US
RSL,US
RSN,US
SRW,US
RUT,US
RED,US
RVS,US
RWF,US
RWL,US
SAC,US
SAD,US
SAN,US
SAS,US
SAT,US
SAV,US
MQT,US
SBD,US
SBM,US
SBN,US
SBP,US
SBY,US
SCB,US
SDF,US
SCF,US
SDM,US
SEF,US
SEG,US
SEM,US
SEP,US
SFB,US
SFF,US
SFM,US
SFO,US
SFZ,US
SGF,US
UST,US
SGT,US
SGU,US
SHR,US
SIV,US
SJT,US
SKA,US
SKF,US
TSM,US
SLC,US
SLE,US
SLG,US
SLK,US
SLN,US
SLO,US
SLR,US
SME,US
SMF,US
SMN,US
SMX,US
SNA,US
SNK,US
SNY,US
SOW,US
SPS,US
SPW,US
SQI,US
SRQ,US
RUI,US
SSC,US
SSI,US
STE,US
STJ,US
STL,US
STP,US
SUA,US
SUE,US
SUN,US
SUU,US
SUX,US
SVH,US
SVN,US
SWO,US
SYI,US
SYR,US
SYV,US
SZL,US
TBN,US
TBR,US
TCC,US
TCL,US
TDW,US
TDZ,US
TEB,US
TEX,US
THA,US
THV,US
TIW,US
KNT,US
TLH,US
TMA,US
TMB,US
OTK,US
TNU,US
XSD,US
TOL,US
TOP,US
TPA,US
TPH,US
TPL,US
TRI,US
TKF,US
TTD,US
TUL,US
TUP,US
TUS,US
TVC,US
TVI,US
TVL,US
TWF,US
TXK,US
TYZ,US
TYS,US
UBS,US
UES,US
UGN,US
UIL,US
UIN,US
IKB,US
UKI,US
ULM,US
SCE,US
UOX,US
UTM,US
HTV,US
RKH,US
VBG,US
VCT,US
VCV,US
VDI,US
VEL,US
VIH,US
VLD,US
VNC,US
VOK,US
VPS,US
VPZ,US
VQQ,US
VRB,US
VSF,US
WAL,US
WDG,US
WDR,US
WJF,US
WMC,US
WRB,US
WRI,US
WST,US
WVI,US
WVL,US
WYS,US
XWA,US
YKN,US
ZZV,US
KFZ,AL
GOZ,BG
PDV,BG
SOF,BG
ECN,CY
LCA,CY
AKT,CY
BWK,HR
ABC,ES
ALC,ES
LEI,ES
BIO,ES
BCN,ES
BJZ,ES
CDT,ES
LCG,ES
ILD,ES
GRX,ES
XRY,ES
MJV,ES
MAD,ES
AGP,ES
MAH,ES
OZP,ES
PMI,ES
PNA,ES
RJL,ES
SLM,ES
EAS,ES
SCQ,ES
LEU,ES
TEV,ES
TOJ,ES
SDR,ES
ZAZ,ES
SVQ,ES
CQF,FR
BYF,FR
LTQ,FR
AGF,FR
BOD,FR
EGC,FR
CNG,FR
NIT,FR
TLS,FR
PUF,FR
LDE,FR
PGX,FR
ZAO,FR
LBI,FR
DCM,FR
RDZ,FR
RYN,FR
CMR,FR
DLE,FR
OBS,FR
LPY,FR
ETZ,FR
CLY,FR
FSC,FR
AJA,FR
AUF,FR
CFE,FR
SYT,FR
RNE,FR
VHY,FR
AUR,FR
EBU,FR
CCF,FR
MRS,FR
NCE,FR
PGF,FR
MPL,FR
BZR,FR
MEN,FR
BVA,FR
EVX,FR
TUF,FR
LVA,FR
LBG,FR
ORY,FR
POX,FR
VIY,FR
LIL,FR
HZB,FR
BES,FR
DNR,FR
DOL,FR
LRT,FR
EDM,FR
RNS,FR
LAI,FR
UIP,FR
SBK,FR
MXN,FR
VNE,FR
SNR,FR
BSL,FR
DIJ,FR
EPL,FR
SXB,FR
FNI,FR
AXD,GR
VOL,GR
JIK,GR
KSO,GR
KIT,GR
EFL,GR
KGS,GR
AOK,GR
KZI,GR
LRS,GR
LXS,GR
LRA,GR
MLO,GR
MJT,GR
JNX,GR
PAS,GR
PVK,GR
GPA,GR
CHQ,GR
SMI,GR
JTR,GR
JSH,GR
SKU,GR
ZTH,GR
PEV,HU
SOB,HU
QAQ,IT
CRV,IT
TAR,IT
LCC,IT
PSR,IT
BDS,IT
CIY,IT
LMP,IT
PNL,IT
PMO,IT
TPS,IT
AHO,IT
OLB,IT
BGY,IT
TRN,IT
GOA,IT
PMF,IT
CUF,IT
AVB,IT
BZO,IT
BLQ,IT
FRL,IT
TRS,IT
RMI,IT
VRN,IT
AOI,IT
VCE,IT
CIA,IT
FCO,IT
NAP,IT
PSA,IT
FLR,IT
GRS,IT
PEG,IT
LJU,SI
MBX,SI
POW,SI
UHE,CZ
KLV,CZ
OSR,CZ
PED,CZ
PRV,CZ
PRG,CZ
BRQ,CZ
VOD,CZ
ZBE,CZ
HFA,IL
VTM,IL
MLA,MT
HOH,AT
GRZ,AT
INN,AT
SZG,AT
AVR,PT
BGC,PT
FLW,PT
FAO,PT
GRW,PT
FNC,PT
QLR,PT
PIX,PT
OPO,PT
PXO,PT
LIS,PT
OMO,BA
SJJ,BA
ARW,RO
BBU,RO
CND,RO
CRA,RO
IAS,RO
OMR,RO
OTP,RO
SBZ,RO
SUJ,RO
SCV,RO
TCE,RO
TGM,RO
TSR,RO
GVA,CH
EML,CH
LUG,CH
BRN,CH
BXO,CH
ZRH,CH
ACH,CH
GZT,TR
KFS,TR
KYA,TR
MZH,TR
VAS,TR
ONQ,TR
TJK,TR
NAV,TR
CII,TR
BZI,TR
CKZ,TR
ESK,TR
USQ,TR
YEI,TR
DLM,TR
BXN,TR
AOE,TR
EZS,TR
OGU,TR
ERZ,TR
TZX,TR
VAN,TR
SXZ,TR
NOP,TR
KCM,TR
AJI,TR
ADF,TR
MQM,TR
GNY,TR
IGD,TR
BGG,TR
YKO,TR
ISE,TR
BJV,TR
GZP,TR
SAW,TR
IST,TR
RZV,TR
BZY,MD
OHD,MK
SKP,MK
GIB,GI
TGD,ME
TIV,ME
UZC,RS
BTS,SK
KSC,SK
PZY,SK
SLD,SK
ILZ,SK
PLS,TC
XSC,TC
AZS,DO
COZ,DO
JBQ,DO
LRM,DO
PUJ,DO
POP,DO
SDQ,DO
LIZ,US
GUA,GT
FRS,GT
PBR,GT
AAZ,GT
RER,GT
GSJ,GT
LCE,HN
SAP,HN
RTB,HN
TGU,HN
OCJ,JM
MBJ,JM
ACA,MX
NTR,MX
HUX,MX
CUL,MX
CTM,MX
CEN,MX
CJT,MX
CPE,MX
CZA,MX
CUU,MX
CVM,MX
CYW,MX
CZM,MX
CUA,MX
DGO,MX
TPQ,MX
ESE,MX
GDL,MX
GYM,MX
GUB,MX
CLQ,MX
IZT,MX
JAL,MX
AZP,MX
LMM,MX
BJX,MX
LAP,MX
LTO,MX
MAM,MX
MID,MX
MXL,MX
MTT,MX
NLD,MX
PAZ,MX
PPE,MX
QRO,MX
REX,MX
NLU,MX
TGZ,MX
TIJ,MX
TAM,MX
TSL,MX
TLC,MX
TAP,MX
CUN,MX
VER,MX
ZCL,MX
ZMM,MX
BZA,NI
RNI,NI
PUZ,NI
WSP,NI
BOC,PA
CTD,PA
DAV,PA
ONX,PA
PAC,PA
SYP,PA
RIH,PA
PTY,PA
FON,CR
TTQ,CR
BCL,CR
LSL,CR
LIO,CR
NOB,CR
SJO,CR
PJM,CR
PMZ,CR
SYQ,CR
XQP,CR
TNO,CR
SAL,SV
PAP,HT
BCA,CU
BWW,CU
AVI,CU
CMW,CU
SCU,CU
GAO,CU
LCL,CU
UPB,CU
SNU,CU
SNJ,CU
SZJ,CU
VTU,CU
CYB,KY
GCM,KY
MAY,BS
ASD,BS
TZN,BS
MHH,BS
AXP,BS
TCB,BS
BIM,BS
ATC,BS
TBI,BS
CRI,BS
GGT,BS
GHB,BS
RSD,BS
FPO,BS
LGI,BS
MYG,BS
AIT,CK
PZK,CK
PYE,CK
RAR,CK
NAN,FJ
SUV,FJ
RTA,FJ
FUN,TV
AEA,KI
IUE,NU
APW,WS
PPG,AS
PPT,PF
RUR,PF
RVV,PF
AAA,PF
TIH,PF
FAV,PF
XMH,PF
GMR,PF
MKP,PF
AXR,PF
ZTA,PF
RKA,PF
NHV,PF
BOB,PF
RGI,PF
MOZ,PF
HOI,PF
RFP,PF
SON,VU
SWJ,VU
VLI,VU
KNQ,NC
ILP,NC
LIF,NC
MEE,NC
NOU,NC
AKL,NZ
TUO,NZ
AMZ,NZ
CHC,NZ
CHT,NZ
DUD,NZ
HLZ,NZ
KKE,NZ
KKO,NZ
KAT,NZ
MON,NZ
TEU,NZ
NPL,NZ
IVC,NZ
OHA,NZ
OAM,NZ
PMR,NZ
PPQ,NZ
ZQN,NZ
ROT,NZ
TRG,NZ
BHE,NZ
WLG,NZ
WRE,NZ
WSZ,NZ
WAG,NZ
CCN,AF
JAA,AF
KDH,AF
MMZ,AF
LQN,AF
OAS,AF
OAA,AF
OLR,AF
UND,AF
OAZ,AF
BAH,BH
AHB,SA
HOF,SA
ULH,SA
BHH,SA
DWD,SA
DHA,SA
GIZ,SA
ELQ,SA
HAS,SA
JED,SA
KMX,SA
NUM,SA
AKH,SA
RAH,SA
RUH,SA
RAE,SA
RSI,SA
SHW,SA
AJF,SA
TUU,SA
TUI,SA
WAE,SA
EJH,SA
ZUL,SA
ABD,IR
GCH,IR
MRX,IR
AWZ,IR
AEU,IR
KNR,IR
BDH,IR
PGU,IR
KHK,IR
SXI,IR
KSH,IR
KHD,IR
IFH,IR
IFN,IR
RAS,IR
AJK,IR
NUJ,IR
IKA,IR
THR,IR
PYK,IR
SNX,IR
BND,IR
JYR,IR
KER,IR
BXR,IR
HDR,IR
GSM,IR
RJN,IR
SYJ,IR
XBJ,IR
CKT,IR
RUD,IR
MHD,IR
BJB,IR
AFZ,IR
TCX,IR
GBT,IR
RZR,IR
SRY,IR
FAZ,IR
JAR,IR
LRR,IR
SYZ,IR
YES,IR
KHY,IR
ADU,IR
ACP,IR
PFQ,IR
OMH,IR
TBZ,IR
JWN,IR
AZD,IR
IHR,IR
JSK,IR
ADJ,JO
KWI,KW
AAN,AE
ZDY,AE
NHD,AE
DWC,AE
FJR,AE
RKT,AE
FAU,OM
RNM,OM
KHS,OM
MSH,OM
UKH,OM
MCT,OM
OMM,OM
TTH,OM
BNP,PK
BHV,PK
CJL,PK
DBA,PK
DEA,PK
LYP,PK
GWD,PK
ISB,PK
HDD,PK
MJD,PK
ORW,PK
PJG,PK
PSI,PK
PEW,PK
SKZ,PK
SDT,PK
SKT,PK
TUK,PK
PZH,PK
TQD,IQ
BGW,IQ
OSM,IQ
KIK,IQ
NJF,IQ
RQW,IQ
XNH,IQ
ALP,SY
KAC,SY
LTK,SY
PMS,SY
XJD,QA
ADE,YE
AXK,YE
BHN,YE
BUK,YE
AAY,YE
HOD,YE
MYN,YE
UKR,YE
SYE,YE
SAH,YE
SCT,YE
GXF,YE
TAI,YE
PAQ,US
BTI,US
BET,US
BIG,US
BMX,US
BRW,US
CDB,US
DLG,US
ADQ,US
DUT,US
EDF,US
EIL,US
EMK,US
ENA,US
FBK,US
ABL,US
FRN,US
GBH,US
SHG,US
GKN,US
GLV,US
HCR,US
HNS,US
EGX,US
IAN,US
ILI,US
UTO,US
JNU,US
AKP,US
KTN,US
KAL,US
KLW,US
LUR,US
MRI,US
ENN,US
ANV,US
OBU,US
OME,US
OTZ,US
NLG,US
KPC,US
PSG,US
PTH,US
PPC,US
KWN,US
NUI,US
ARC,US
SVA,US
SDP,US
SHH,US
SIT,US
KSM,US
SNP,US
SVW,US
SXQ,US
TAL,US
TNC,US
TOG,US
TKA,US
UMT,US
UNK,US
AIN,US
YAK,US
CIS,KI
KOT,US
KYU,US
ORV,US
SKK,US
FYU,US
ROP,MP
SPN,MP
UAM,GU
GUM,GU
TIQ,MP
BKH,US
HDH,US
HHI,US
JRF,US
MKK,US
MUE,US
HNL,US
LNY,US
ITO,US
ENT,MH
MAJ,MH
KWA,MH
CXI,KI
MDY,UM
TKK,FM
ROR,PW
KSA,FM
AWK,UM
KNH,TW
GNI,TW
KHH,TW
CYI,TW
HCN,TW
RMQ,TW
MFK,TW
HSZ,TW
MZG,TW
TSA,TW
TPE,TW
HUN,TW
IBR,JP
IWO,JP
KIX,JP
SHM,JP
UKB,JP
OBO,JP
CTS,JP
HKD,JP
MMB,JP
OKD,JP
RBJ,JP
TSJ,JP
MBE,JP
AKJ,JP
OIR,JP
RIS,JP
FUK,JP
TNE,JP
KMI,JP
KKJ,JP
HSG,JP
NGO,JP
ASJ,JP
NKM,JP
QGU,JP
KMQ,JP
OKI,JP
FSZ,JP
OKJ,JP
IZO,JP
YGJ,JP
IWK,JP
MYJ,JP
ITM,JP
TTJ,JP
TKS,JP
IWJ,JP
AOJ,JP
HHE,JP
AXT,JP
MSJ,JP
KIJ,JP
ONJ,JP
SYO,JP
NJA,JP
OIM,JP
HND,JP
OKO,JP
MWX,KR
KWJ,KR
KUV,KR
CHN,KR
RSU,KR
KAG,KR
WJU,KR
HIN,KR
USN,KR
ICN,KR
SSN,KR
OSN,KR
GMP,KR
UJN,KR
OKA,JP
ISG,JP
MMD,JP
MMY,JP
IEJ,JP
KTD,JP
RNJ,JP
OGN,JP
CRK,PH
LLC,PH
LAO,PH
MNL,PH
AAV,PH
BXU,PH
DPL,PH
TWT,PH
OZC,PH
PAG,PH
GES,PH
CDY,PH
CGY,PH
SWL,PH
SJI,PH
MBO,PH
WNP,PH
TUG,PH
VRC,PH
MRQ,PH
BCD,PH
CYP,PH
MPH,PH
ILO,PH
KLO,PH
CEB,PH
RXS,PH
TBH,PH
COC,AR
GHU,AR
PRA,AR
ROS,AR
SFN,AR
AEP,AR
EPA,AR
EZE,AR
HOS,AR
GNR,AR
MDZ,AR
AFA,AR
CTC,AR
SDE,AR
UAQ,AR
VDR,AR
VME,AR
RLO,AR
CNQ,AR
RES,AR
FMA,AR
IGR,AR
AOL,AR
MCS,AR
PRQ,AR
JUJ,AR
TTG,AR
ELO,AR
MDX,AR
RCQ,AR
UZU,AR
CRD,AR
EQS,AR
OES,AR
ARR,AR
REL,AR
PMY,AR
PUD,AR
RGA,AR
RGL,AR
USH,AR
ULA,AR
ROY,AR
JSM,AR
RYO,AR
RZA,AR
BHI,AR
CSZ,AR
GPO,AR
MDQ,AR
PEH,AR
RSA,AR
BRC,AR
CUT,AR
ARX,BR
AQA,BR
AFL,BR
ARU,BR
AAX,BR
BEL,BR
BGX,BR
PLU,BR
BFH,BR
BPG,BR
CAC,BR
CFB,BR
CNF,BR
CGR,BR
CLN,BR
CKS,BR
CAW,BR
CWB,BR
CXJ,BR
CGB,BR
CZS,BR
BYO,BR
PPB,BR
DOU,BR
FLN,BR
FOR,BR
GIG,BR
GJM,BR
GYN,BR
GRU,BR
GVR,BR
ATM,BR
ITA,BR
IOS,BR
IPN,BR
IMP,BR
QDV,BR
JJD,BR
JDF,BR
JHF,BR
JPR,BR
JDO,BR
JOI,BR
CPV,BR
VCP,BR
LAJ,BR
MAB,BR
MEA,BR
MGF,BR
MII,BR
PLL,BR
MCP,BR
MVF,BR
RTE,BR
MNX,BR
GEL,BR
OYK,BR
POA,BR
PHB,BR
POO,BR
PGZ,BR
PMW,BR
PNZ,BR
PMG,BR
PVH,BR
RBR,BR
REC,BR
SDU,BR
SNZ,BR
SLZ,BR
RIA,BR
STM,BR
CGH,BR
SJP,BR
TMT,BR
TOW,BR
THE,BR
TJL,BR
TBT,BR
TUR,BR
SJL,BR
PAV,BR
UDI,BR
UBA,BR
VDC,BR
VAG,BR
BVH,BR
VIX,BR
QPS,BR
WPA,CL
CPO,CL
BBA,CL
TOQ,CL
YAI,CL
IQQ,CL
SCL,CL
ESR,CL
WPU,CL
IPC,CL
ZOS,CL
ZPC,CL
LSC,CL
PMC,CL
TTC,CL
ZAL,CL
KNA,CL
SOD,BR
JTN,BR
NVM,BR
REZ,BR
QSC,BR
ATF,EC
GPS,EC
GYE,EC
TNW,EC
LGQ,EC
PVO,EC
UIO,EC
SNC,EC
PTZ,EC
SCY,EC
BHA,EC
TUA,EC
ASU,PY
AYO,PY
AGT,PY
FLM,PY
PJC,PY
LVR,BR
AQM,BR
CJZ,BR
PUU,CO
BGA,CO
BOG,CO
BAQ,CO
BUN,CO
CUC,CO
CTG,CO
CLO,CO
CIM,CO
TCO,CO
CVE,CO
CZU,CO
EJA,CO
FLA,CO
GIR,CO
LPD,CO
EOH,CO
MTR,CO
MVP,CO
LMC,CO
NQU,CO
PCR,CO
PEI,CO
PPN,CO
PAL,CO
PBE,CO
MQU,CO
MDE,CO
RCH,CO
SJE,CO
SOX,CO
ADZ,CO
TIB,CO
TME,CO
VUP,CO
EYP,CO
MHW,BO
APB,BO
CBB,BO
GYA,BO
SJB,BO
MGD,BO
ORU,BO
POI,BO
PSZ,BO
SRD,BO
RIB,BO
REY,BO
SBL,BO
SRJ,BO
SNM,BO
SRB,BO
MQK,BO
TDD,BO
VVI,BO
BYC,BO
PBM,SR
ICK,SR
ORG,SR
JAW,BR
AIF,BR
BDC,BR
BRA,BR
EEA,BR
QCH,BR
RDC,BR
DIQ,BR
CNV,BR
GDP,BR
GNM,BR
SET,BR
IPU,BR
JDR,BR
LHN,BR
MTE,BR
PTQ,BR
NNU,BR
PSW,BR
PCS,BR
POJ,BR
CAU,BR
OPP,BR
OBI,BR
VAL,BR
QID,BR
BVS,BR
JCS,BR
PHI,BR
PPY,BR
PYT,BR
CAY,GF
ALD,PE
AOP,PE
PCL,PE
CHM,PE
TGI,PE
CIX,PE
ANS,PE
UMI,PE
RIJ,PE
LIM,PE
JAE,PE
JJI,PE
JAU,PE
SJA,PE
CJA,PE
RIM,PE
ILQ,PE
TBP,PE
MZA,PE
YMS,PE
HUU,PE
IQT,PE
AQP,PE
TRU,PE
TCQ,PE
PIU,PE
VVN,PE
TYL,PE
APU,BR
CSS,BR
CEL,BR
CRQ,BR
ERM,BR
FBE,BR
GPB,BR
GGJ,BR
IJU,BR
CCM,BR
JCB,BR
CBW,BR
OAL,BR
VRZ,BR
PBB,BR
BRB,BR
TSQ,BR
UMU,BR
VIA,BR
TEC,BR
ATI,UY
CYR,UY
DZO,UY
PDP,UY
MLZ,UY
MVD,UY
PDU,UY
RVY,UY
STY,UY
AGV,VE
BNS,VE
BRM,VE
CBL,VE
CXA,VE
CLZ,VE
CAJ,VE
CUM,VE
GUI,VE
LFR,VE
MAR,VE
MRD,VE
PMV,VE
MUN,VE
CBS,VE
PYH,VE
PBL,VE
PDZ,VE
PZO,VE
SVZ,VE
SBB,VE
SNV,VE
STD,VE
SNF,VE
TMO,VE
VIG,VE
VLV,VE
VDP,VE
BAZ,BR
JSB,BR
LCB,BR
CAF,BR
CQS,BR
DMT,BR
DNO,BR
ERN,BR
SXO,BR
GRP,BR
AUX,BR
GGB,BR
HUW,BR
IPG,BR
IDO,BR
JIA,BR
JTI,BR
RVD,BR
BCR,BR
APS,BR
FBA,BR
PBQ,BR
TGQ,BR
QHN,BR
SQM,BR
LIP,BR
NOK,BR
GEO,GY
OGL,GY
PTP,GP
GND,GD
STX,VI
BQN,PR
CPX,PR
SIG,PR
SJU,PR
SKB,KN
NEV,KN
SLU,LC
UVF,LC
AUA,AW
CUR,CW
EUX,BQ
SXM,SX
POS,TT
EIS,VG
VIJ,VG
UNI,VC
BDA,BM
ALA,KZ
BXJ,KZ
KOV,KZ
PPK,KZ
DMB,KZ
CIT,KZ
HSA,KZ
KZO,KZ
URA,KZ
UKK,KZ
PWQ,KZ
PLX,KZ
SCO,KZ
KSN,KZ
GYD,AZ
FZL,AZ
KVD,AZ
LLK,AZ
NAJ,AZ
GBB,AZ
ZTU,AZ
ZZE,AZ
YLV,AZ
IKU,KG
LWN,AM
BQJ,RU
TLK,RU
KDY,RU
OLZ,RU
UMS,RU
ULK,RU
PYJ,RU
MJZ,RU
CKH,RU
IKS,RU
ZKP,RU
ZIX,RU
KUT,GE
TBS,GE
BQS,RU
KHV,RU
GVN,RU
DYR,RU
PVS,RU
KPW,RU
PWE,RU
NLI,RU
PKC,RU
OHH,RU
DEE,RU
NGK,RU
UUS,RU
EDN,RU
TLY,RU
VVO,RU
HTA,RU
BTK,RU
UUD,RU
MPW,UA
DNK,UA
UKS,UA
SIP,UA
KHC,UA
HRK,UA
KHU,UA
UMY,UA
CKC,UA
IEV,UA
LWO,UA
TNL,UA
UDJ,UA
KHE,UA
NLV,UA
LED,RU
MMK,RU
PKV,RU
CEE,RU
VGD,RU
BQT,BY
VTB,BY
TXC,BY
GNA,BY
MVQ,BY
RGK,RU
EIE,RU
KYZ,RU
OVB,RU
OMS,RU
SWT,RU
TOF,RU
NOZ,RU
HTG,RU
NSK,RU
THX,RU
KRR,RU
MCX,RU
MRV,RU
IGT,RU
STW,RU
AER,RU
ESL,RU
VOG,RU
CEK,RU
MQF,RU
SBT,RU
BVJ,RU
YMK,RU
HMA,RU
EYK,RU
OVS,RU
IJK,RU
KVX,RU
NUX,RU
NJC,RU
PEE,RU
KGP,RU
NOJ,RU
RMZ,RU
KRO,RU
ASB,TM
KEA,TM
KRW,TM
DYU,TJ
TJU,TJ
LBD,TJ
KQT,TJ
FEG,UZ
UGC,UZ
NVI,UZ
SKD,UZ
TMJ,UZ
KMW,RU
KLF,RU
IWA,RU
BZK,RU
DME,RU
IAR,RU
SVO,RU
EGO,RU
URS,RU
LPK,RU
VOZ,RU
VKO,RU
UCT,RU
VKT,RU
UUA,RU
NBC,RU
JOK,RU
CSY,RU
ULV,RU
OSW,RU
PEZ,RU
SKX,RU
UFA,RU
AMD,IN
AKD,IN
BOM,IN
BDQ,IN
BHU,IN
NMB,IN
DIU,IN
GDB,IN
HSR,IN
IDR,IN
JLR,IN
IXY,IN
IXK,IN
NAG,IN
ISK,IN
PNQ,IN
PBD,IN
RAJ,IN
SAG,IN
STV,IN
UDR,IN
CMB,LK
RML,LK
ADP,LK
JAF,LK
KCT,LK
TRR,LK
KKZ,KH
MWV,KH
PNH,KH
RBE,KH
SAI,KH
REP,KH
IXD,IN
IXB,IN
SHL,IN
VNS,IN
COH,IN
RDP,IN
DBR,IN
DGH,IN
GOP,IN
GAU,IN
HGI,IN
IMF,IN
JRG,IN
IXW,IN
JRH,IN
KBK,IN
HJR,IN
AJL,IN
IXI,IN
DIB,IN
DMU,IN
IXT,IN
PAT,IN
CXB,BD
CGP,BD
IRD,BD
JSR,BD
RJH,BD
SPD,BD
ZHM,BD
ZYL,BD
ATQ,IN
BKB,IN
KUU,IN
IXC,IN
DHM,IN
GWL,IN
HSS,IN
JDH,IN
JAI,IN
JSA,IN
KQH,IN
KTU,IN
LUH,IN
IXL,IN
LKO,IN
IXP,IN
SLV,IN
SXR,IN
LXG,LA
ZVK,LA
NEU,LA
VNA,LA
VTE,LA
XKH,LA
MFM,MO
BHR,NP
BWA,NP
BDP,NP
DHI,NP
JKR,NP
KEP,NP
RJB,NP
SKH,NP
IXG,IN
IXX,IN
CBD,IN
GBI,IN
HBX,IN
HYD,IN
VDY,IN
CNN,IN
IXM,IN
IXE,IN
MYQ,IN
NDC,IN
IXZ,IN
PUT,IN
RQY,IN
TJV,IN
TCR,IN
TRZ,IN
TRV,IN
VTZ,IN
GLU,BT
PBH,BT
NMF,MV
HAQ,MV
MLE,MV
KDM,MV
DMK,TH
KDT,TH
TDX,TH
BKK,TH
UTP,TH
CNX,TH
LPT,TH
NNT,TH
CEI,TH
HHQ,TH
MAQ,TH
THS,TH
PHS,TH
URT,TH
NAW,TH
CJM,TH
NST,TH
PAN,TH
USM,TH
HKT,TH
UNN,TH
TST,TH
UTH,TH
SNO,TH
LOE,TH
NAK,TH
UBP,TH
ROI,TH
BMV,VN
HPH,VN
CAH,VN
CXR,VN
DIN,VN
VDH,VN
DLI,VN
SQH,VN
HUI,VN
PXU,VN
VKG,VN
TBB,VN
THD,VN
VDO,VN
BMO,MM
VBC,MM
KHM,MM
KMV,MM
KYP,MM
KAW,MM
KYT,MM
LIW,MM
LSH,MM
MDL,MM
MGZ,MM
MNU,MM
MOE,MM
MOG,MM
MWQ,MM
NMS,MM
NYT,MM
PAA,MM
PAU,MM
BSX,MM
PPU,MM
PBU,MM
PKK,MM
PRU,MM
AKY,MM
SNW,MM
XYE,MM
RGN,MM
UPG,ID
FOO,ID
AMI,ID
DPS,ID
LOP,ID
TTE,ID
PGQ,ID
OTI,ID
TRT,ID
PLW,ID
MJU,ID
MXB,ID
PSJ,ID
OJU,ID
LUW,ID
HMS,ID
KLP,ID
PKY,ID
PKN,ID
JOG,ID
PWL,ID
OKL,ID
MKQ,ID
AAP,ID
NAH,ID
MDC,ID
MNA,ID
BRG,ID
BTW,ID
TJG,ID
DOB,ID
BJK,ID
AMQ,ID
LNU,ID
BEJ,ID
MLG,ID
JBB,ID
SUP,ID
KNG,ID
BXB,ID
SOQ,ID
MOF,ID
LKA,ID
RTI,ID
KOE,ID
WMX,ID
WNI,ID
KSR,ID
RAQ,ID
KDI,ID
TIM,ID
LMN,MY
MKM,MY
MYY,MY
SBW,MY
LDU,MY
BKI,MY
LBU,MY
SDK,MY
TWU,MY
MZV,MY
BWN,BN
RGT,ID
KJT,ID
BDO,ID
CBN,ID
TSY,ID
CJN,ID
MWK,ID
TNJ,ID
NTX,ID
SIQ,ID
PDG,ID
BKS,ID
MPC,ID
HLP,ID
PCB,ID
CGK,ID
DJB,ID
TJQ,ID
TKG,ID
TFY,ID
GNS,ID
DTB,ID
FLZ,ID
KTG,ID
PNK,ID
PSU,ID
PLM,ID
MEQ,ID
BTJ,ID
TPG,MY
AOR,MY
BWH,MY
KBR,MY
IPH,MY
JHB,MY
KUL,MY
LGK,MY
MKZ,MY
TGG,MY
PEN,MY
SZB,MY
OEC,TL
QPG,SG
TGA,SG
XSP,SG
ALH,AU
ABH,AU
ARY,AU
GYL,AU
ARM,AU
AUU,AU
AYQ,AU
BCI,AU
ASP,AU
OOL,AU
BKQ,AU
CNS,AU
OCM,AU
BQW,AU
BHQ,AU
HTI,AU
BQB,AU
ISA,AU
MKY,AU
BNK,AU
OKY,AU
BQL,AU
BOX,AU
BWQ,AU
BYP,AU
MCY,AU
BHS,AU
BRT,AU
TSV,AU
BDB,AU
BUY,AU
WTB,AU
BWB,AU
CLH,AU
CSI,AU
CAZ,AU
COJ,AU
CPD,AU
CED,AU
CFS,AU
CXT,AU
DCN,AU
CKI,AU
CTN,AU
CMQ,AU
CMA,AU
OOM,AU
CDA,AU
CWW,AU
KCE,AU
CMD,AU
CUG,AU
CUY,AU
CJF,AU
CCW,AU
CWT,AU
DRB,AU
DGD,AU
DRD,AU
ELC,AU
EMD,AU
WHB,AU
EXM,AU
FLS,AU
FIZ,AU
GAH,AU
GUH,AU
GFN,AU
GBW,AU
GLT,AU
GUL,AU
GLI,AU
GPN,AU
GYZ,AU
HWK,AU
HVB,AU
HID,AU
HCQ,AU
HLT,AU
MHU,AU
IFL,AU
IGH,AU
IVR,AU
JAB,AU
KQR,AU
KAX,AU
OOD,AU
KNS,AU
KCI,AU
KRB,AU
KML,AU
KPS,AU
KNI,AU
KWM,AU
KGC,AU
LNO,AU
LSY,AU
LHG,AU
LER,AU
TGN,AU
AVV,AU
ABX,AU
MRG,AU
MBB,AU
XMC,AU
MIM,AU
MGT,AU
MNG,AU
HBA,AU
MCV,AU
MJP,AU
WLE,AU
WUI,AU
MMM,AU
MTL,AU
MMG,AU
MRZ,AU
MIN,AU
MWB,AU
MYA,AU
MGB,AU
ONG,AU
MNQ,AU
MBH,AU
NRA,AU
RPM,AU
NRG,AU
QRM,AU
RVT,AU
NSM,AU
NTN,AU
NLL,AU
NYN,AU
OPI,AU
ONS,AU
ODD,AU
OAG,AU
OSO,AU
PUG,AU
DRW,AU
KTA,AU
KGI,AU
PKT,AU
KNX,AU
PLO,AU
LEA,AU
EDR,AU
PQQ,AU
PTJ,AU
PHE,AU
KTR,AU
UMR,AU
XCH,CX
UEE,AU
RCM,AU
RAM,AU
RMA,AU
CBR,AU
SQC,AU
DBO,AU
SGO,AU
WOL,AU
SIO,AU
NOA,AU
SNH,AU
SHQ,AU
XRH,AU
SYD,AU
TMW,AU
SWH,AU
TDR,AU
TEF,AU
TEM,AU
GTS,AU
PHQ,AU
THG,AU
TCA,AU
TTX,AU
WMB,AU
WLC,AU
WAZ,AU
WRN,AU
GYB,AU
WGT,AU
WGE,AU
QRR,AU
SXE,AU
WUD,AU
WWY,AU
PEK,CN
PKX,CN
CIH,CN
BPE,CN
DAT,CN
ERL,CN
HET,CN
HLD,CN
SJW,CN
WUA,CN
HLH,CN
XIL,CN
YCU,CN
TYN,CN
BHY,CN
CGD,CN
CSX,CN
HUZ,CN
KWL,CN
MXZ,CN
NNG,CN
ZUH,CN
SZX,CN
ZHA,CN
CGO,CN
ENH,CN
XFN,CN
BAR,CN
SYX,CN
FNJ,KP
WOS,KP
DNH,CN
LHW,CN
SIA,CN
XNN,CN
XIY,CN
AVK,MN
LTI,MN
BYN,MN
UGA,MN
UGT,MN
HBU,MN
UUN,MN
COQ,MN
UBN,MN
ULZ,MN
DLZ,MN
HTM,MN
KHR,MN
HJT,MN
MXW,MN
MXV,MN
TSZ,MN
ULN,MN
DLU,CN
JHG,CN
LJG,CN
KMG,CN
ZAT,CN
XMN,CN
KHN,CN
FOC,CN
HGH,CN
JUH,CN
JUZ,CN
LYG,CN
LYI,CN
NGB,CN
NKG,CN
NTG,CN
HFE,CN
PVG,CN
SZV,CN
TXN,CN
WNZ,CN
YTY,CN
YNT,CN
CKG,CN
KWE,CN
LXA,CN
KHG,CN
HRB,CN
YNJ,CN
